Transaction ID,Date,Customer ID,Gender,Age,Product Category,Quantity,Price per Unit,Total Amount
1,2023-11-24,cust001,male,34,beauty,3,50,150
2,2023-02-27,cust002,female,26,clothing,2,500,1000
3,2023-01-13,cust003,male,50,electronics,1,30,30
4,2023-05-21,cust004,male,37,clothing,1,500,500
5,2023-05-06,cust005,male,30,beauty,2,50,100
6,2023-04-25,cust006,female,45,beauty,1,30,30
7,2023-03-13,cust007,male,46,clothing,2,25,50
8,2023-02-22,cust008,male,30,electronics,4,25,100
9,2023-12-13,cust009,male,63,electronics,2,300,600
10,2023-10-07,cust010,female,52,clothing,4,50,200
11,2023-02-14,cust011,male,23,clothing,2,50,100
12,2023-10-30,cust012,male,35,beauty,3,25,75
13,2023-08-05,cust013,male,22,electronics,3,500,1500
14,2023-01-17,cust014,male,64,clothing,4,30,120
15,2023-01-16,cust015,female,42,electronics,4,500,2000
16,2023-02-17,cust016,male,19,clothing,3,500,1500
17,2023-04-22,cust017,female,27,clothing,4,25,100
18,2023-04-30,cust018,female,47,electronics,2,25,50
19,2023-09-16,cust019,female,62,clothing,2,25,50
20,2023-11-05,cust020,male,22,clothing,3,300,900
21,2023-01-14,cust021,female,50,beauty,1,500,500
22,2023-10-15,cust022,male,18,clothing,2,50,100
23,2023-04-12,cust023,female,35,clothing,4,30,120
24,2023-11-29,cust024,female,49,clothing,1,300,300
25,2023-12-26,cust025,female,64,beauty,1,50,50
26,2023-10-07,cust026,female,28,electronics,2,500,1000
27,2023-08-03,cust027,female,38,beauty,2,25,50
28,2023-04-23,cust028,female,43,beauty,1,500,500
29,2023-08-18,cust029,female,42,electronics,1,30,30
30,2023-10-29,cust030,female,39,beauty,3,300,900
31,2023-05-23,cust031,male,44,electronics,4,300,1200
32,2023-01-04,cust032,male,30,beauty,3,30,90
33,2023-03-23,cust033,female,50,electronics,2,50,100
34,2023-12-24,cust034,female,51,clothing,3,50,150
35,2023-08-05,cust035,female,58,beauty,3,300,900
36,2023-06-24,cust036,male,52,beauty,3,300,900
37,2023-05-23,cust037,female,18,beauty,3,25,75
38,2023-03-21,cust038,male,38,beauty,4,50,200
39,2023-04-21,cust039,male,23,clothing,4,30,120
40,2023-06-22,cust040,male,45,beauty,1,50,50
41,2023-02-22,cust041,male,34,clothing,2,25,50
42,2023-02-17,cust042,male,22,clothing,3,300,900
43,2023-07-14,cust043,female,48,clothing,1,300,300
44,2023-02-19,cust044,female,22,clothing,1,25,25
45,2023-07-03,cust045,female,55,electronics,1,30,30
46,2023-06-26,cust046,female,20,electronics,4,300,1200
47,2023-11-06,cust047,female,40,beauty,3,500,1500
48,2023-05-16,cust048,male,54,electronics,3,300,900
49,2023-01-23,cust049,female,54,electronics,2,500,1000
50,2023-08-24,cust050,female,27,beauty,3,25,75
51,2023-10-02,cust051,male,27,beauty,3,25,75
52,2023-03-05,cust052,female,36,beauty,1,300,300
53,2023-07-13,cust053,male,34,electronics,2,50,100
54,2023-02-10,cust054,female,38,electronics,3,500,1500
55,2023-10-10,cust055,male,31,beauty,4,30,120
56,2023-05-31,cust056,female,26,clothing,3,300,900
57,2023-11-18,cust057,female,63,beauty,1,30,30
58,2023-11-13,cust058,male,18,clothing,4,300,1200
59,2023-07-05,cust059,male,62,clothing,1,50,50
60,2023-10-23,cust060,male,30,beauty,3,50,150
61,2023-04-09,cust061,male,21,beauty,4,50,200
62,2023-12-27,cust062,male,18,beauty,2,50,100
63,2023-02-05,cust063,male,57,electronics,2,25,50
64,2023-01-24,cust064,male,49,clothing,4,25,100
65,2023-12-05,cust065,male,51,electronics,4,500,2000
66,2023-04-27,cust066,female,45,electronics,1,30,30
67,2023-05-29,cust067,female,48,beauty,4,300,1200
68,2023-02-10,cust068,male,25,electronics,1,300,300
69,2023-04-30,cust069,female,56,beauty,3,25,75
70,2023-02-21,cust070,female,43,clothing,1,300,300
71,2023-07-14,cust071,female,51,beauty,4,25,100
72,2023-05-23,cust072,female,20,electronics,4,500,2000
73,2023-08-21,cust073,male,29,electronics,3,30,90
74,2023-11-22,cust074,female,18,beauty,4,500,2000
75,2023-07-06,cust075,male,61,beauty,4,50,200
76,2023-03-25,cust076,female,22,electronics,2,50,100
77,2023-07-09,cust077,female,47,clothing,2,50,100
78,2023-07-01,cust078,female,47,clothing,3,500,1500
79,2023-04-18,cust079,male,34,beauty,1,300,300
80,2023-12-10,cust080,female,64,clothing,2,30,60
81,2023-05-17,cust081,male,40,electronics,1,50,50
82,2023-12-26,cust082,female,32,beauty,4,50,200
83,2023-12-16,cust083,male,54,electronics,2,50,100
84,2023-11-28,cust084,female,38,electronics,3,30,90
85,2023-02-06,cust085,male,31,clothing,3,50,150
86,2023-11-08,cust086,male,19,beauty,3,30,90
87,2023-11-22,cust087,female,28,beauty,2,50,100
88,2023-03-29,cust088,male,56,clothing,1,500,500
89,2023-10-01,cust089,female,55,electronics,4,500,2000
90,2023-05-06,cust090,female,51,electronics,1,30,30
91,2023-03-25,cust091,female,55,electronics,1,500,500
92,2023-08-25,cust092,female,51,electronics,4,30,120
93,2023-07-14,cust093,female,35,beauty,4,500,2000
94,2023-05-19,cust094,female,47,beauty,2,500,1000
95,2023-11-24,cust095,female,32,clothing,2,30,60
96,2023-12-19,cust096,female,44,clothing,2,300,600
97,2023-10-13,cust097,female,51,beauty,2,500,1000
98,2023-04-23,cust098,female,55,beauty,2,50,100
99,2023-12-17,cust099,female,50,electronics,4,300,1200
100,2023-06-16,cust100,male,41,electronics,1,30,30
101,2023-01-29,cust101,male,32,clothing,2,300,600
102,2023-04-28,cust102,female,47,beauty,2,25,50
103,2023-01-17,cust103,female,59,clothing,1,25,25
104,2023-06-11,cust104,female,34,beauty,2,500,1000
105,2023-07-25,cust105,female,22,electronics,1,500,500
106,2023-05-18,cust106,female,46,clothing,1,50,50
107,2023-02-03,cust107,female,21,clothing,4,300,1200
108,2023-04-19,cust108,female,27,beauty,3,25,75
109,2023-10-18,cust109,female,34,electronics,4,500,2000
110,2023-06-11,cust110,male,27,clothing,3,300,900
111,2023-04-19,cust111,female,34,electronics,3,500,1500
112,2023-12-02,cust112,male,37,clothing,3,500,1500
113,2023-09-13,cust113,female,41,electronics,2,25,50
114,2023-07-22,cust114,female,22,beauty,4,25,100
115,2023-11-26,cust115,male,51,clothing,3,500,1500
116,2023-08-23,cust116,female,23,clothing,1,30,30
117,2023-03-15,cust117,male,19,electronics,2,500,1000
118,2023-05-16,cust118,female,30,electronics,4,500,2000
119,2023-03-13,cust119,female,60,clothing,3,50,150
120,2023-05-07,cust120,male,60,beauty,1,50,50
121,2023-10-15,cust121,female,28,electronics,4,50,200
122,2023-10-03,cust122,male,64,electronics,4,30,120
123,2023-05-15,cust123,female,40,electronics,2,30,60
124,2023-10-27,cust124,male,33,clothing,4,500,2000
125,2023-08-08,cust125,male,48,clothing,2,50,100
126,2023-10-26,cust126,female,28,clothing,3,30,90
127,2023-07-24,cust127,female,33,clothing,2,25,50
128,2023-07-05,cust128,male,25,beauty,1,500,500
129,2023-04-23,cust129,female,21,beauty,2,300,600
130,2023-03-12,cust130,female,57,clothing,1,500,500
131,2023-09-18,cust131,female,21,beauty,2,300,600
132,2023-09-10,cust132,male,42,electronics,4,50,200
133,2023-02-16,cust133,male,20,electronics,3,300,900
134,2023-01-25,cust134,male,49,electronics,1,50,50
135,2023-02-26,cust135,male,20,clothing,2,25,50
136,2023-03-20,cust136,male,44,electronics,2,300,600
137,2023-11-18,cust137,male,46,beauty,2,500,1000
138,2023-03-23,cust138,male,49,clothing,4,50,200
139,2023-12-15,cust139,male,36,beauty,4,500,2000
140,2023-08-05,cust140,male,38,electronics,1,30,30
141,2023-11-02,cust141,female,22,electronics,1,50,50
142,2023-02-02,cust142,male,35,electronics,4,300,1200
143,2023-07-17,cust143,female,45,clothing,1,50,50
144,2023-07-15,cust144,female,59,beauty,3,500,1500
145,2023-11-02,cust145,female,39,clothing,3,25,75
146,2023-08-28,cust146,male,38,clothing,4,50,200
147,2023-09-28,cust147,male,23,electronics,1,300,300
148,2023-05-09,cust148,male,18,clothing,2,30,60
149,2023-10-11,cust149,male,22,clothing,3,25,75
150,2023-01-06,cust150,female,58,electronics,4,30,120
151,2023-12-15,cust151,male,29,clothing,1,50,50
152,2023-02-28,cust152,male,43,electronics,4,500,2000
153,2023-12-16,cust153,male,63,electronics,2,500,1000
154,2023-10-02,cust154,male,51,electronics,3,300,900
155,2023-05-17,cust155,male,31,electronics,4,500,2000
156,2023-11-25,cust156,female,43,clothing,4,25,100
157,2023-06-24,cust157,male,62,electronics,4,500,2000
158,2023-02-27,cust158,female,44,electronics,2,300,600
159,2023-05-31,cust159,male,26,clothing,4,50,200
160,2023-08-11,cust160,female,43,clothing,2,50,100
161,2023-03-22,cust161,male,64,beauty,2,500,1000
162,2023-08-21,cust162,male,39,clothing,2,30,60
163,2023-01-02,cust163,female,64,clothing,3,50,150
164,2023-05-15,cust164,female,47,beauty,3,500,1500
165,2023-09-14,cust165,female,60,clothing,4,300,1200
166,2023-04-02,cust166,male,34,clothing,4,500,2000
167,2023-09-17,cust167,female,43,clothing,3,50,150
168,2023-02-24,cust168,male,53,clothing,1,300,300
169,2023-11-17,cust169,male,18,beauty,3,500,1500
170,2023-06-02,cust170,female,25,clothing,2,25,50
171,2023-11-24,cust171,female,52,clothing,3,300,900
172,2023-09-17,cust172,male,32,beauty,2,25,50
173,2023-11-08,cust173,male,64,electronics,4,30,120
174,2023-04-12,cust174,female,39,beauty,1,300,300
175,2023-03-20,cust175,female,31,electronics,4,25,100
176,2023-07-11,cust176,female,43,beauty,2,50,100
177,2023-03-24,cust177,male,45,beauty,2,50,100
178,2023-10-04,cust178,male,40,clothing,2,30,60
179,2023-09-29,cust179,male,31,electronics,1,300,300
180,2023-01-01,cust180,male,41,clothing,3,300,900
181,2023-11-03,cust181,male,19,electronics,4,300,1200
182,2023-06-15,cust182,male,62,beauty,4,30,120
183,2023-09-08,cust183,female,43,beauty,3,300,900
184,2023-01-10,cust184,male,31,electronics,4,50,200
185,2023-02-27,cust185,male,24,clothing,1,25,25
186,2023-07-05,cust186,male,20,clothing,4,50,200
187,2023-06-07,cust187,female,64,clothing,2,50,100
188,2023-05-03,cust188,male,40,clothing,3,25,75
189,2023-01-30,cust189,male,63,beauty,1,50,50
190,2023-05-04,cust190,female,60,beauty,3,30,90
191,2023-10-18,cust191,male,64,beauty,1,25,25
192,2023-02-10,cust192,male,62,beauty,2,50,100
193,2023-02-13,cust193,male,35,beauty,3,500,1500
194,2023-09-06,cust194,male,55,clothing,4,50,200
195,2023-02-05,cust195,male,52,clothing,1,30,30
196,2023-09-30,cust196,female,32,clothing,3,300,900
197,2023-03-06,cust197,female,42,clothing,4,50,200
198,2023-03-07,cust198,female,54,beauty,3,300,900
199,2023-12-04,cust199,male,45,beauty,3,500,1500
200,2023-09-01,cust200,male,27,beauty,3,50,150
201,2023-10-09,cust201,male,56,electronics,1,25,25
202,2023-03-26,cust202,female,34,clothing,4,300,1200
203,2023-05-16,cust203,male,56,clothing,2,500,1000
204,2023-09-28,cust204,male,39,beauty,1,25,25
205,2023-11-07,cust205,female,43,clothing,1,25,25
206,2023-08-05,cust206,male,61,clothing,1,25,25
207,2023-04-19,cust207,female,42,beauty,2,25,50
208,2023-10-04,cust208,female,34,electronics,4,50,200
209,2023-12-20,cust209,female,30,electronics,4,50,200
210,2023-04-13,cust210,male,37,electronics,4,50,200
211,2024-01-01,cust211,male,42,beauty,3,500,1500
212,2023-06-09,cust212,male,21,clothing,3,500,1500
213,2023-07-24,cust213,male,27,beauty,3,500,1500
214,2023-12-10,cust214,male,20,beauty,2,30,60
215,2023-11-29,cust215,male,58,clothing,3,500,1500
216,2023-07-11,cust216,male,62,electronics,2,50,100
217,2023-08-13,cust217,female,35,electronics,4,50,200
218,2023-09-22,cust218,male,64,beauty,3,30,90
219,2023-08-20,cust219,female,53,electronics,3,30,90
220,2023-03-03,cust220,male,64,beauty,1,500,500
221,2023-05-07,cust221,male,39,beauty,2,300,600
222,2023-04-26,cust222,male,51,clothing,4,30,120
223,2023-02-02,cust223,female,64,clothing,1,25,25
224,2023-06-23,cust224,female,25,clothing,1,50,50
225,2023-01-11,cust225,female,57,beauty,4,25,100
226,2023-10-29,cust226,female,61,clothing,1,50,50
227,2023-10-11,cust227,male,36,electronics,2,50,100
228,2023-04-28,cust228,female,59,electronics,2,30,60
229,2023-10-29,cust229,male,58,beauty,3,30,90
230,2023-04-23,cust230,male,54,beauty,1,25,25
231,2023-01-04,cust231,female,23,clothing,3,50,150
232,2023-02-06,cust232,female,43,beauty,1,25,25
233,2023-12-29,cust233,female,51,beauty,2,300,600
234,2023-11-20,cust234,female,62,electronics,2,25,50
235,2023-01-31,cust235,female,23,electronics,2,500,1000
236,2023-04-28,cust236,female,54,clothing,1,25,25
237,2023-02-04,cust237,female,50,beauty,2,500,1000
238,2023-01-17,cust238,female,39,beauty,1,500,500
239,2023-06-19,cust239,male,38,electronics,3,500,1500
240,2023-02-06,cust240,female,23,beauty,1,300,300
241,2023-09-21,cust241,female,23,electronics,3,25,75
242,2023-05-02,cust242,male,21,clothing,1,25,25
243,2023-05-23,cust243,female,47,electronics,3,300,900
244,2023-12-09,cust244,male,28,beauty,2,50,100
245,2023-09-06,cust245,male,47,clothing,3,30,90
246,2023-04-20,cust246,female,48,electronics,2,25,50
247,2023-10-04,cust247,male,41,electronics,2,30,60
248,2023-03-09,cust248,male,26,clothing,3,300,900
249,2023-10-20,cust249,male,20,clothing,1,50,50
250,2023-10-23,cust250,male,48,electronics,1,50,50
251,2023-08-31,cust251,female,57,beauty,4,50,200
252,2023-05-05,cust252,male,54,electronics,1,300,300
253,2023-08-31,cust253,female,53,clothing,4,500,2000
254,2023-07-28,cust254,male,41,electronics,1,500,500
255,2023-04-08,cust255,male,48,clothing,1,30,30
256,2023-02-18,cust256,male,23,clothing,2,500,1000
257,2023-02-19,cust257,male,19,beauty,4,500,2000
258,2023-12-04,cust258,female,37,clothing,1,50,50
259,2023-08-09,cust259,female,45,clothing,4,50,200
260,2023-07-01,cust260,male,28,beauty,2,30,60
261,2023-08-05,cust261,male,21,clothing,2,25,50
262,2023-07-30,cust262,female,32,beauty,4,30,120
263,2023-08-28,cust263,male,23,beauty,2,30,60
264,2023-01-28,cust264,male,47,clothing,3,300,900
265,2023-12-11,cust265,male,55,clothing,3,300,900
266,2023-12-01,cust266,female,19,electronics,2,30,60
267,2023-11-27,cust267,female,32,beauty,3,30,90
268,2023-02-20,cust268,female,28,electronics,1,30,30
269,2023-02-01,cust269,male,25,clothing,4,500,2000
270,2023-07-26,cust270,male,43,electronics,1,300,300
271,2023-06-23,cust271,female,62,beauty,4,30,120
272,2023-02-25,cust272,female,61,electronics,2,50,100
273,2023-05-08,cust273,female,22,beauty,1,50,50
274,2023-04-09,cust274,female,23,clothing,2,500,1000
275,2023-04-08,cust275,male,43,clothing,2,500,1000
276,2023-10-02,cust276,female,21,beauty,4,25,100
277,2023-08-18,cust277,male,36,clothing,4,25,100
278,2023-03-13,cust278,female,37,clothing,4,25,100
279,2023-08-05,cust279,male,50,clothing,1,500,500
280,2023-04-04,cust280,female,37,clothing,3,500,1500
281,2023-05-23,cust281,female,29,beauty,4,500,2000
282,2023-08-25,cust282,female,64,electronics,4,50,200
283,2023-05-08,cust283,female,18,electronics,1,500,500
284,2023-02-08,cust284,male,43,clothing,4,50,200
285,2023-08-15,cust285,female,31,electronics,1,25,25
286,2023-10-09,cust286,male,55,electronics,2,25,50
287,2023-02-20,cust287,male,54,clothing,4,25,100
288,2023-01-26,cust288,male,28,clothing,4,30,120
289,2023-11-30,cust289,male,53,electronics,2,30,60
290,2023-10-04,cust290,female,30,beauty,2,300,600
291,2023-01-08,cust291,male,60,clothing,2,300,600
292,2023-02-17,cust292,male,20,beauty,4,300,1200
293,2023-05-02,cust293,male,50,electronics,3,30,90
294,2023-03-27,cust294,female,23,clothing,3,30,90
295,2023-07-28,cust295,female,27,beauty,3,300,900
296,2023-09-06,cust296,female,22,clothing,4,300,1200
297,2023-09-04,cust297,female,40,electronics,2,500,1000
298,2023-04-20,cust298,male,27,beauty,4,300,1200
299,2023-07-25,cust299,male,61,electronics,2,500,1000
300,2023-01-31,cust300,female,19,electronics,4,50,200
301,2023-03-26,cust301,male,30,clothing,4,30,120
302,2023-07-14,cust302,male,57,beauty,2,300,600
303,2023-01-02,cust303,male,19,electronics,3,30,90
304,2023-07-19,cust304,female,37,electronics,2,30,60
305,2023-05-16,cust305,female,18,beauty,1,30,30
306,2023-08-21,cust306,male,54,electronics,1,50,50
307,2023-05-27,cust307,female,26,electronics,2,25,50
308,2023-08-05,cust308,female,34,beauty,4,300,1200
309,2023-12-23,cust309,female,26,beauty,1,25,25
310,2023-10-12,cust310,female,28,beauty,1,25,25
311,2023-12-05,cust311,female,32,beauty,4,25,100
312,2023-09-07,cust312,male,41,clothing,4,30,120
313,2023-03-21,cust313,female,55,beauty,3,500,1500
314,2023-04-08,cust314,male,52,clothing,4,30,120
315,2023-06-01,cust315,male,47,clothing,2,30,60
316,2023-04-22,cust316,female,48,clothing,2,25,50
317,2023-01-30,cust317,male,22,electronics,3,30,90
318,2023-10-24,cust318,male,61,clothing,1,25,25
319,2023-10-05,cust319,male,31,clothing,1,500,500
320,2023-02-01,cust320,female,28,electronics,4,300,1200
321,2023-06-10,cust321,female,26,electronics,2,25,50
322,2023-01-30,cust322,male,51,electronics,1,500,500
323,2023-01-26,cust323,female,29,beauty,3,300,900
324,2023-10-27,cust324,female,52,electronics,3,50,150
325,2023-09-02,cust325,female,52,electronics,2,25,50
326,2023-09-15,cust326,female,18,clothing,3,25,75
327,2023-09-29,cust327,male,57,electronics,3,50,150
328,2023-03-22,cust328,male,39,beauty,2,50,100
329,2023-01-30,cust329,female,46,electronics,4,25,100
330,2023-09-18,cust330,female,25,beauty,4,50,200
331,2023-02-11,cust331,male,28,electronics,3,30,90
332,2023-04-06,cust332,male,58,electronics,4,300,1200
333,2023-02-05,cust333,female,54,electronics,4,300,1200
334,2023-11-01,cust334,male,31,electronics,3,300,900
335,2023-02-04,cust335,female,47,beauty,4,30,120
336,2023-12-12,cust336,female,52,beauty,3,50,150
337,2023-05-01,cust337,male,38,clothing,1,500,500
338,2023-07-26,cust338,male,54,beauty,2,50,100
339,2023-03-03,cust339,female,22,electronics,2,25,50
340,2023-10-19,cust340,female,36,clothing,4,300,1200
341,2023-05-07,cust341,male,31,clothing,4,50,200
342,2023-10-24,cust342,female,43,clothing,4,500,2000
343,2023-11-01,cust343,male,21,electronics,2,25,50
344,2023-01-21,cust344,female,42,beauty,1,30,30
345,2023-11-14,cust345,male,62,electronics,1,30,30
346,2023-02-11,cust346,male,59,clothing,2,500,1000
347,2023-08-03,cust347,male,42,electronics,1,25,25
348,2023-12-03,cust348,female,35,electronics,2,300,600
349,2023-10-26,cust349,female,57,beauty,1,50,50
350,2023-10-17,cust350,male,25,beauty,3,25,75
351,2023-09-25,cust351,female,56,clothing,3,30,90
352,2023-06-11,cust352,male,57,electronics,2,500,1000
353,2023-05-14,cust353,male,31,electronics,1,500,500
354,2023-04-15,cust354,female,49,beauty,4,50,200
355,2023-12-09,cust355,female,55,electronics,1,500,500
356,2023-06-10,cust356,male,50,electronics,3,500,1500
357,2023-05-03,cust357,female,40,electronics,3,25,75
358,2023-05-16,cust358,female,32,beauty,1,300,300
359,2023-07-22,cust359,male,50,clothing,1,50,50
360,2023-03-09,cust360,male,42,clothing,4,25,100
361,2023-12-10,cust361,female,34,electronics,4,300,1200
362,2023-11-27,cust362,male,50,clothing,1,25,25
363,2023-06-03,cust363,male,64,beauty,1,25,25
364,2023-08-23,cust364,female,19,beauty,1,500,500
365,2023-06-11,cust365,male,31,clothing,1,300,300
366,2023-02-07,cust366,male,57,clothing,2,50,100
367,2023-01-05,cust367,female,57,electronics,1,50,50
368,2023-08-23,cust368,female,56,clothing,4,300,1200
369,2023-11-15,cust369,male,23,electronics,3,500,1500
370,2023-10-16,cust370,male,23,electronics,2,30,60
371,2023-02-21,cust371,female,20,beauty,1,25,25
372,2023-02-07,cust372,female,24,beauty,3,500,1500
373,2023-10-03,cust373,female,25,beauty,2,300,600
374,2023-04-20,cust374,female,59,beauty,3,25,75
375,2023-09-17,cust375,male,32,clothing,1,50,50
376,2023-05-16,cust376,female,64,beauty,1,30,30
377,2023-03-09,cust377,female,46,clothing,4,50,200
378,2023-06-28,cust378,male,50,beauty,1,300,300
379,2023-02-05,cust379,female,47,clothing,1,25,25
380,2023-05-06,cust380,male,56,electronics,2,300,600
381,2023-07-09,cust381,female,44,clothing,4,25,100
382,2023-05-26,cust382,female,53,clothing,2,500,1000
383,2023-03-22,cust383,female,46,beauty,3,30,90
384,2023-08-13,cust384,male,55,clothing,1,500,500
385,2023-10-06,cust385,male,50,electronics,3,500,1500
386,2023-12-27,cust386,female,54,electronics,2,300,600
387,2023-06-04,cust387,male,44,beauty,1,30,30
388,2023-11-10,cust388,male,50,electronics,1,25,25
389,2023-12-01,cust389,male,21,clothing,2,25,50
390,2023-09-28,cust390,male,39,electronics,2,50,100
391,2023-01-05,cust391,male,19,beauty,2,25,50
392,2023-12-08,cust392,male,27,clothing,2,300,600
393,2023-10-11,cust393,female,22,beauty,2,500,1000
394,2023-06-03,cust394,female,27,clothing,1,500,500
395,2023-12-06,cust395,male,50,electronics,2,500,1000
396,2023-02-23,cust396,female,55,beauty,1,30,30
397,2023-03-10,cust397,female,30,beauty,1,25,25
398,2023-05-16,cust398,female,48,clothing,2,300,600
399,2023-03-01,cust399,female,64,beauty,2,30,60
400,2023-02-24,cust400,male,53,clothing,4,50,200
401,2023-10-11,cust401,female,62,clothing,1,300,300
402,2023-03-21,cust402,female,41,clothing,2,300,600
403,2023-05-20,cust403,male,32,clothing,2,300,600
404,2023-05-25,cust404,male,46,electronics,2,500,1000
405,2023-11-06,cust405,female,25,clothing,4,300,1200
406,2023-04-18,cust406,female,22,beauty,4,25,100
407,2023-06-25,cust407,female,46,electronics,3,300,900
408,2023-04-15,cust408,female,64,beauty,1,500,500
409,2023-12-18,cust409,female,21,electronics,3,300,900
410,2023-11-21,cust410,female,29,clothing,2,50,100
411,2023-05-16,cust411,male,62,electronics,4,50,200
412,2023-09-16,cust412,female,19,electronics,4,500,2000
413,2023-09-08,cust413,female,44,beauty,3,25,75
414,2023-05-09,cust414,male,48,beauty,4,25,100
415,2023-01-27,cust415,male,53,clothing,2,30,60
416,2023-02-17,cust416,male,53,electronics,4,500,2000
417,2023-11-21,cust417,male,43,electronics,3,300,900
418,2023-08-05,cust418,female,60,electronics,2,500,1000
419,2023-05-22,cust419,female,44,clothing,3,30,90
420,2023-01-23,cust420,female,22,clothing,4,500,2000
421,2023-01-02,cust421,female,37,clothing,3,500,1500
422,2023-06-20,cust422,female,28,clothing,3,30,90
423,2023-03-08,cust423,female,27,clothing,1,25,25
424,2023-11-23,cust424,male,57,beauty,4,300,1200
425,2023-05-15,cust425,female,55,electronics,4,30,120
426,2023-03-24,cust426,male,23,electronics,3,50,150
427,2023-08-15,cust427,male,25,electronics,1,25,25
428,2023-10-10,cust428,female,40,electronics,4,50,200
429,2023-12-28,cust429,male,64,electronics,2,25,50
430,2023-08-07,cust430,female,43,electronics,3,300,900
431,2023-10-15,cust431,male,63,electronics,4,300,1200
432,2023-01-05,cust432,female,60,electronics,2,500,1000
433,2023-02-27,cust433,male,29,beauty,4,50,200
434,2023-02-08,cust434,female,43,electronics,2,25,50
435,2023-12-20,cust435,female,30,beauty,3,300,900
436,2023-03-18,cust436,female,57,clothing,4,30,120
437,2023-10-07,cust437,female,35,electronics,4,300,1200
438,2023-01-19,cust438,female,42,clothing,1,30,30
439,2023-07-09,cust439,male,50,clothing,3,25,75
440,2023-10-26,cust440,male,64,clothing,2,300,600
441,2023-10-10,cust441,male,57,beauty,4,300,1200
442,2023-03-17,cust442,female,60,clothing,4,25,100
443,2023-08-09,cust443,male,29,clothing,2,300,600
444,2023-03-07,cust444,female,61,clothing,3,30,90
445,2023-01-22,cust445,female,53,electronics,1,300,300
446,2023-06-07,cust446,male,21,electronics,1,50,50
447,2023-07-06,cust447,male,22,beauty,4,500,2000
448,2023-01-21,cust448,female,54,beauty,2,30,60
449,2023-07-03,cust449,male,25,electronics,4,50,200
450,2023-04-18,cust450,female,59,beauty,2,25,50
451,2023-12-16,cust451,female,45,electronics,1,30,30
452,2023-05-08,cust452,female,48,clothing,3,500,1500
453,2023-12-08,cust453,female,26,clothing,2,500,1000
454,2023-02-22,cust454,female,46,beauty,1,25,25
455,2023-07-01,cust455,male,31,electronics,4,25,100
456,2023-10-14,cust456,male,57,electronics,2,30,60
457,2023-07-28,cust457,female,58,beauty,3,300,900
458,2023-11-14,cust458,female,39,electronics,4,25,100
459,2023-03-21,cust459,male,28,clothing,4,300,1200
460,2023-05-02,cust460,male,40,beauty,1,50,50
461,2023-03-25,cust461,female,18,beauty,2,500,1000
462,2023-04-01,cust462,male,63,electronics,4,300,1200
463,2023-07-31,cust463,female,54,beauty,3,500,1500
464,2023-01-13,cust464,male,38,electronics,2,300,600
465,2023-04-02,cust465,female,43,electronics,3,50,150
466,2023-06-20,cust466,male,63,electronics,4,25,100
467,2023-07-30,cust467,female,53,electronics,3,50,150
468,2023-12-09,cust468,male,40,electronics,1,25,25
469,2023-05-08,cust469,male,18,beauty,3,25,75
470,2023-05-17,cust470,female,57,clothing,2,500,1000
471,2023-03-23,cust471,male,32,clothing,3,50,150
472,2023-12-26,cust472,female,38,beauty,3,300,900
473,2023-02-25,cust473,male,64,beauty,1,50,50
474,2023-07-15,cust474,female,26,clothing,3,500,1500
475,2023-01-20,cust475,male,26,clothing,3,25,75
476,2023-08-29,cust476,female,27,clothing,4,500,2000
477,2023-04-24,cust477,male,43,clothing,4,30,120
478,2023-04-13,cust478,female,58,clothing,2,30,60
479,2023-08-24,cust479,male,52,electronics,4,300,1200
480,2023-06-29,cust480,female,42,beauty,4,500,2000
481,2023-06-06,cust481,female,43,electronics,4,300,1200
482,2023-04-27,cust482,female,28,clothing,4,300,1200
483,2023-04-25,cust483,male,55,clothing,1,30,30
484,2023-01-13,cust484,female,19,clothing,4,300,1200
485,2023-12-04,cust485,male,24,electronics,1,30,30
486,2023-04-09,cust486,female,35,electronics,1,25,25
487,2023-07-24,cust487,male,44,clothing,4,500,2000
488,2023-06-18,cust488,female,51,electronics,3,300,900
489,2023-05-23,cust489,male,44,electronics,1,30,30
490,2023-02-05,cust490,male,34,clothing,3,50,150
491,2023-05-23,cust491,female,60,electronics,3,300,900
492,2023-06-29,cust492,male,61,beauty,4,25,100
493,2023-11-25,cust493,male,41,beauty,2,25,50
494,2023-09-18,cust494,female,42,beauty,4,50,200
495,2023-07-24,cust495,male,24,beauty,2,30,60
496,2023-12-14,cust496,male,23,clothing,2,300,600
497,2023-10-02,cust497,male,41,clothing,4,30,120
498,2023-06-19,cust498,female,50,clothing,4,25,100
499,2023-01-15,cust499,male,46,beauty,2,30,60
500,2023-03-01,cust500,female,60,beauty,4,25,100
501,2023-05-14,cust501,male,39,electronics,2,30,60
502,2023-04-02,cust502,male,43,electronics,3,50,150
503,2023-10-25,cust503,male,45,beauty,4,500,2000
504,2023-05-16,cust504,female,38,beauty,3,50,150
505,2023-01-20,cust505,male,24,beauty,1,50,50
506,2023-02-25,cust506,male,34,beauty,3,500,1500
507,2023-11-02,cust507,female,37,electronics,3,500,1500
508,2023-08-11,cust508,male,58,beauty,2,300,600
509,2023-06-26,cust509,female,37,electronics,3,300,900
510,2023-06-10,cust510,female,39,beauty,4,50,200
511,2023-08-12,cust511,male,45,beauty,2,50,100
512,2023-11-07,cust512,female,57,beauty,1,25,25
513,2023-09-19,cust513,male,24,electronics,4,25,100
514,2023-03-01,cust514,female,18,electronics,1,300,300
515,2023-07-17,cust515,female,49,clothing,3,300,900
516,2023-10-23,cust516,male,30,beauty,4,25,100
517,2023-04-08,cust517,female,47,clothing,4,25,100
518,2023-05-11,cust518,female,40,clothing,1,30,30
519,2023-01-23,cust519,female,36,electronics,4,30,120
520,2023-12-29,cust520,female,49,electronics,4,25,100
521,2023-08-12,cust521,female,47,clothing,4,30,120
522,2023-01-01,cust522,male,46,beauty,3,500,1500
523,2023-09-24,cust523,female,62,electronics,1,300,300
524,2023-10-03,cust524,male,46,beauty,4,300,1200
525,2023-12-18,cust525,female,47,beauty,2,25,50
526,2023-12-10,cust526,male,33,clothing,2,50,100
527,2023-04-11,cust527,male,57,clothing,2,25,50
528,2023-07-06,cust528,female,36,clothing,2,30,60
529,2023-08-09,cust529,female,35,clothing,3,50,150
530,2023-02-05,cust530,female,18,electronics,4,30,120
531,2023-12-07,cust531,male,31,electronics,1,500,500
532,2023-06-19,cust532,female,64,clothing,4,30,120
533,2023-11-16,cust533,male,19,electronics,3,500,1500
534,2023-06-10,cust534,male,45,clothing,2,500,1000
535,2023-12-06,cust535,male,47,beauty,3,30,90
536,2023-03-05,cust536,female,55,beauty,4,30,120
537,2023-06-03,cust537,female,21,beauty,1,500,500
538,2023-09-17,cust538,male,18,clothing,3,50,150
539,2023-06-08,cust539,male,25,beauty,1,500,500
540,2023-12-08,cust540,female,46,electronics,3,300,900
541,2023-07-29,cust541,male,56,beauty,1,500,500
542,2023-06-17,cust542,female,20,beauty,1,50,50
543,2023-07-26,cust543,male,49,beauty,2,300,600
544,2023-12-23,cust544,female,27,electronics,1,25,25
545,2023-06-01,cust545,male,27,clothing,2,25,50
546,2023-10-11,cust546,female,36,electronics,4,50,200
547,2023-03-07,cust547,male,63,clothing,4,500,2000
548,2023-04-09,cust548,female,51,clothing,2,30,60
549,2023-08-04,cust549,female,50,beauty,2,50,100
550,2023-12-07,cust550,male,40,clothing,3,300,900
551,2023-07-14,cust551,male,45,electronics,3,300,900
552,2023-12-13,cust552,female,49,electronics,3,25,75
553,2023-03-31,cust553,male,24,clothing,4,300,1200
554,2023-11-12,cust554,female,46,beauty,3,50,150
555,2023-10-19,cust555,male,25,beauty,1,300,300
556,2023-06-04,cust556,female,18,electronics,1,50,50
557,2023-07-27,cust557,female,20,beauty,3,30,90
558,2023-10-08,cust558,female,41,clothing,1,25,25
559,2023-01-01,cust559,female,40,clothing,4,300,1200
560,2023-06-05,cust560,female,25,electronics,1,50,50
561,2023-05-27,cust561,female,64,clothing,4,500,2000
562,2023-04-18,cust562,male,54,electronics,2,25,50
563,2023-08-09,cust563,male,20,clothing,2,30,60
564,2023-10-24,cust564,male,50,electronics,2,50,100
565,2023-11-07,cust565,female,45,beauty,2,30,60
566,2023-12-02,cust566,female,64,clothing,1,30,30
567,2023-06-14,cust567,female,25,clothing,3,300,900
568,2023-08-27,cust568,female,51,electronics,1,300,300
569,2023-08-15,cust569,male,52,electronics,4,50,200
570,2023-08-15,cust570,male,49,clothing,1,500,500
571,2023-12-12,cust571,female,41,electronics,1,50,50
572,2023-04-20,cust572,male,31,clothing,4,500,2000
573,2023-09-19,cust573,male,49,beauty,2,30,60
574,2023-08-31,cust574,female,63,electronics,2,25,50
575,2023-03-28,cust575,male,60,clothing,2,50,100
576,2023-12-04,cust576,female,33,beauty,3,50,150
577,2023-02-13,cust577,male,21,beauty,4,500,2000
578,2023-05-26,cust578,female,54,clothing,4,30,120
579,2023-09-21,cust579,female,38,electronics,1,30,30
580,2023-12-06,cust580,female,31,clothing,3,500,1500
581,2023-11-21,cust581,female,48,beauty,2,30,60
582,2023-11-14,cust582,male,35,clothing,3,300,900
583,2023-06-21,cust583,female,24,electronics,4,25,100
584,2023-02-17,cust584,female,27,beauty,4,50,200
585,2023-05-01,cust585,female,24,clothing,1,25,25
586,2023-12-11,cust586,male,50,electronics,1,50,50
587,2023-06-08,cust587,female,40,beauty,4,300,1200
588,2023-04-26,cust588,male,38,electronics,2,30,60
589,2023-04-12,cust589,female,36,beauty,2,500,1000
590,2023-03-17,cust590,male,36,clothing,3,300,900
591,2023-01-13,cust591,male,53,electronics,4,25,100
592,2023-01-24,cust592,female,46,beauty,4,500,2000
593,2023-05-06,cust593,male,35,electronics,2,30,60
594,2023-09-01,cust594,female,19,electronics,2,300,600
595,2023-11-09,cust595,female,18,clothing,4,500,2000
596,2023-02-07,cust596,female,64,electronics,1,300,300
597,2023-08-22,cust597,male,22,beauty,4,300,1200
598,2023-08-01,cust598,male,37,beauty,4,30,120
599,2023-11-19,cust599,female,28,beauty,2,50,100
600,2023-10-22,cust600,female,59,beauty,2,500,1000
601,2023-04-10,cust601,male,19,clothing,1,30,30
602,2023-12-23,cust602,female,20,electronics,1,300,300
603,2023-07-16,cust603,female,40,clothing,3,30,90
604,2023-09-11,cust604,female,29,electronics,4,50,200
605,2023-07-24,cust605,male,37,electronics,2,500,1000
606,2023-05-05,cust606,male,22,electronics,1,50,50
607,2023-03-17,cust607,male,54,clothing,3,25,75
608,2023-12-02,cust608,female,55,electronics,3,500,1500
609,2023-12-19,cust609,female,47,clothing,2,50,100
610,2023-01-03,cust610,female,26,beauty,2,300,600
611,2023-02-24,cust611,male,51,beauty,3,500,1500
612,2023-08-06,cust612,female,61,electronics,1,500,500
613,2023-04-23,cust613,female,52,clothing,3,30,90
614,2023-04-01,cust614,female,39,beauty,4,300,1200
615,2023-12-23,cust615,female,61,clothing,4,25,100
616,2023-09-23,cust616,male,41,clothing,2,50,100
617,2023-08-26,cust617,male,34,electronics,1,30,30
618,2023-01-26,cust618,female,27,beauty,1,50,50
619,2023-10-13,cust619,male,47,electronics,4,25,100
620,2023-05-08,cust620,male,63,electronics,3,25,75
621,2023-03-04,cust621,female,40,beauty,2,500,1000
622,2023-08-22,cust622,female,49,beauty,3,25,75
623,2023-03-10,cust623,male,34,clothing,3,50,150
624,2023-08-26,cust624,female,34,beauty,3,300,900
625,2023-12-08,cust625,male,31,clothing,1,300,300
626,2023-09-29,cust626,female,26,clothing,4,500,2000
627,2023-10-14,cust627,male,57,clothing,1,50,50
628,2023-11-01,cust628,female,19,beauty,4,50,200
629,2023-06-12,cust629,male,62,electronics,2,25,50
630,2023-08-15,cust630,male,42,clothing,2,50,100
631,2023-11-10,cust631,male,56,electronics,3,30,90
632,2023-09-16,cust632,female,26,electronics,4,25,100
633,2023-08-07,cust633,male,39,beauty,4,30,120
634,2023-10-08,cust634,male,60,electronics,4,500,2000
635,2023-08-17,cust635,female,63,electronics,3,300,900
636,2023-03-23,cust636,female,21,beauty,3,500,1500
637,2023-09-01,cust637,male,43,clothing,2,300,600
638,2023-08-19,cust638,male,46,electronics,1,500,500
639,2023-05-13,cust639,female,62,beauty,4,50,200
640,2023-05-07,cust640,female,51,electronics,4,30,120
641,2023-11-23,cust641,female,40,electronics,1,300,300
642,2023-05-22,cust642,female,54,clothing,4,25,100
643,2023-09-24,cust643,female,28,electronics,3,30,90
644,2023-09-06,cust644,male,23,beauty,3,25,75
645,2023-11-17,cust645,female,35,electronics,4,30,120
646,2023-05-03,cust646,male,38,clothing,3,30,90
647,2023-05-21,cust647,male,59,clothing,3,500,1500
648,2023-08-14,cust648,male,53,beauty,4,300,1200
649,2023-02-09,cust649,female,58,clothing,2,300,600
650,2024-01-01,cust650,male,55,electronics,1,30,30
651,2023-05-27,cust651,male,51,clothing,3,50,150
652,2023-05-01,cust652,female,34,beauty,2,50,100
653,2023-05-20,cust653,male,54,clothing,3,25,75
654,2023-06-21,cust654,male,42,clothing,3,25,75
655,2023-06-13,cust655,female,55,clothing,1,500,500
656,2023-10-04,cust656,male,29,beauty,3,30,90
657,2023-02-11,cust657,male,40,clothing,1,25,25
658,2023-03-12,cust658,male,59,clothing,1,25,25
659,2023-03-19,cust659,female,39,electronics,1,30,30
660,2023-04-29,cust660,female,38,beauty,2,500,1000
661,2023-07-16,cust661,female,44,clothing,4,25,100
662,2023-12-22,cust662,male,48,beauty,2,500,1000
663,2023-03-20,cust663,male,23,clothing,4,300,1200
664,2023-12-28,cust664,female,44,clothing,4,500,2000
665,2023-04-20,cust665,male,57,clothing,1,50,50
666,2023-02-02,cust666,male,51,electronics,3,50,150
667,2023-08-01,cust667,female,29,electronics,1,500,500
668,2023-07-28,cust668,female,62,electronics,3,50,150
669,2023-06-19,cust669,male,24,beauty,4,300,1200
670,2023-10-05,cust670,male,27,beauty,1,30,30
671,2023-08-27,cust671,male,62,electronics,3,50,150
672,2023-08-01,cust672,female,34,beauty,2,50,100
673,2023-02-01,cust673,female,43,clothing,3,500,1500
674,2023-04-16,cust674,female,38,clothing,1,300,300
675,2023-08-04,cust675,female,45,clothing,2,30,60
676,2023-07-19,cust676,male,63,electronics,3,500,1500
677,2023-10-27,cust677,female,19,beauty,3,500,1500
678,2023-12-23,cust678,female,60,electronics,3,300,900
679,2023-01-11,cust679,female,18,beauty,3,30,90
680,2023-10-22,cust680,female,53,clothing,3,300,900
681,2023-07-14,cust681,female,43,electronics,2,30,60
682,2023-09-02,cust682,male,46,beauty,4,300,1200
683,2023-01-04,cust683,male,38,beauty,2,500,1000
684,2023-06-30,cust684,female,28,clothing,2,500,1000
685,2023-06-02,cust685,male,57,electronics,2,25,50
686,2023-07-19,cust686,female,28,electronics,4,50,200
687,2023-08-03,cust687,female,53,electronics,1,300,300
688,2023-10-03,cust688,male,56,clothing,4,25,100
689,2023-10-07,cust689,male,57,electronics,2,50,100
690,2023-11-05,cust690,female,52,clothing,3,300,900
691,2023-04-23,cust691,female,51,clothing,3,30,90
692,2023-09-07,cust692,female,64,clothing,2,50,100
693,2023-04-23,cust693,male,41,beauty,3,500,1500
694,2023-05-20,cust694,female,39,electronics,2,25,50
695,2023-08-12,cust695,female,22,electronics,3,50,150
696,2023-09-06,cust696,female,50,clothing,4,50,200
697,2023-01-15,cust697,male,53,clothing,1,500,500
698,2023-07-19,cust698,female,64,electronics,1,300,300
699,2023-06-22,cust699,female,37,clothing,4,30,120
700,2023-12-09,cust700,male,36,electronics,4,500,2000
701,2023-12-14,cust701,female,52,beauty,2,30,60
702,2023-07-27,cust702,female,60,clothing,2,300,600
703,2023-03-26,cust703,male,34,electronics,2,50,100
704,2023-08-28,cust704,female,62,clothing,3,30,90
705,2023-03-07,cust705,male,60,electronics,2,25,50
706,2023-11-15,cust706,male,51,electronics,4,25,100
707,2023-10-01,cust707,female,26,clothing,1,500,500
708,2023-01-14,cust708,female,43,beauty,3,300,900
709,2023-07-21,cust709,female,19,electronics,2,500,1000
710,2023-10-31,cust710,female,26,electronics,3,500,1500
711,2023-10-16,cust711,male,26,electronics,3,500,1500
712,2023-12-06,cust712,female,57,beauty,2,25,50
713,2023-01-14,cust713,male,34,beauty,3,25,75
714,2023-02-12,cust714,female,18,clothing,1,500,500
715,2023-11-26,cust715,female,42,beauty,4,25,100
716,2023-08-08,cust716,female,60,clothing,4,300,1200
717,2023-03-11,cust717,male,57,clothing,1,500,500
718,2023-08-25,cust718,female,59,beauty,3,25,75
719,2023-04-04,cust719,female,42,clothing,2,30,60
720,2023-01-26,cust720,female,56,beauty,3,500,1500
721,2023-05-14,cust721,female,52,clothing,1,500,500
722,2023-07-14,cust722,male,20,beauty,3,300,900
723,2023-06-17,cust723,female,54,beauty,4,50,200
724,2023-04-19,cust724,male,61,clothing,3,50,150
725,2023-08-21,cust725,male,61,electronics,1,300,300
726,2023-06-17,cust726,male,47,clothing,4,300,1200
727,2023-06-22,cust727,male,55,beauty,3,300,900
728,2023-07-14,cust728,male,51,electronics,3,50,150
729,2023-05-23,cust729,male,29,clothing,4,300,1200
730,2023-08-04,cust730,female,36,clothing,2,25,50
731,2023-05-10,cust731,male,54,clothing,4,500,2000
732,2023-02-11,cust732,male,61,electronics,2,500,1000
733,2023-08-29,cust733,male,34,beauty,1,30,30
734,2023-01-10,cust734,female,27,clothing,1,30,30
735,2023-10-04,cust735,female,64,clothing,4,500,2000
736,2023-01-27,cust736,male,29,clothing,4,25,100
737,2023-06-29,cust737,female,33,clothing,1,50,50
738,2023-04-25,cust738,male,41,clothing,2,50,100
739,2023-11-29,cust739,male,36,beauty,1,25,25
740,2023-02-05,cust740,female,25,beauty,4,50,200
741,2023-11-30,cust741,male,48,clothing,1,300,300
742,2023-01-21,cust742,female,38,electronics,4,500,2000
743,2023-01-16,cust743,female,34,beauty,4,500,2000
744,2023-05-07,cust744,male,40,electronics,1,25,25
745,2023-04-13,cust745,male,54,beauty,2,50,100
746,2023-01-11,cust746,female,33,clothing,3,30,90
747,2023-11-15,cust747,male,23,beauty,1,30,30
748,2023-03-20,cust748,male,25,clothing,3,50,150
749,2023-05-03,cust749,male,42,beauty,1,30,30
750,2023-03-06,cust750,female,35,clothing,3,25,75
751,2023-08-31,cust751,female,42,clothing,2,25,50
752,2023-12-09,cust752,male,29,clothing,2,50,100
753,2023-02-28,cust753,female,32,clothing,1,30,30
754,2023-10-16,cust754,female,43,electronics,4,25,100
755,2023-04-22,cust755,female,58,clothing,3,25,75
756,2023-08-27,cust756,female,62,electronics,4,300,1200
757,2023-12-25,cust757,female,43,electronics,4,300,1200
758,2023-05-12,cust758,male,64,clothing,4,25,100
759,2023-07-08,cust759,male,49,electronics,2,50,100
760,2023-03-27,cust760,male,27,beauty,1,500,500
761,2023-11-07,cust761,female,33,clothing,1,500,500
762,2023-11-07,cust762,female,24,electronics,2,25,50
763,2023-02-28,cust763,male,34,clothing,2,25,50
764,2023-03-25,cust764,female,40,clothing,1,25,25
765,2023-06-09,cust765,male,43,clothing,4,50,200
766,2023-02-25,cust766,male,38,electronics,3,300,900
767,2023-10-24,cust767,male,39,beauty,3,25,75
768,2023-01-14,cust768,female,24,beauty,3,25,75
769,2023-06-09,cust769,female,31,electronics,4,30,120
770,2023-10-22,cust770,male,32,clothing,1,50,50
771,2023-12-13,cust771,male,24,electronics,2,25,50
772,2023-07-12,cust772,male,26,electronics,1,30,30
773,2023-07-23,cust773,male,25,electronics,4,500,2000
774,2023-04-12,cust774,female,40,clothing,2,25,50
775,2023-02-08,cust775,female,46,electronics,4,25,100
776,2023-10-31,cust776,male,35,clothing,3,30,90
777,2023-12-20,cust777,male,48,electronics,3,50,150
778,2023-11-18,cust778,female,47,beauty,4,25,100
779,2023-05-05,cust779,female,56,electronics,2,500,1000
780,2023-02-22,cust780,male,52,electronics,2,25,50
781,2023-12-23,cust781,male,35,beauty,1,500,500
782,2023-06-04,cust782,male,59,clothing,3,300,900
783,2023-12-17,cust783,female,56,clothing,1,300,300
784,2023-11-04,cust784,female,34,electronics,1,500,500
785,2023-03-03,cust785,female,31,beauty,4,50,200
786,2023-10-17,cust786,male,48,clothing,4,25,100
787,2023-01-22,cust787,male,41,electronics,1,25,25
788,2023-06-27,cust788,female,52,beauty,3,300,900
789,2023-09-30,cust789,female,61,clothing,4,500,2000
790,2023-08-08,cust790,male,62,clothing,1,25,25
791,2023-12-05,cust791,female,51,beauty,1,25,25
792,2023-07-09,cust792,female,20,beauty,1,50,50
793,2023-02-05,cust793,male,54,beauty,1,30,30
794,2023-09-17,cust794,female,60,beauty,1,300,300
795,2023-11-28,cust795,male,57,electronics,1,300,300
796,2023-06-24,cust796,male,43,beauty,4,30,120
797,2023-01-07,cust797,male,40,clothing,3,25,75
798,2023-08-04,cust798,male,61,clothing,1,50,50
799,2023-09-08,cust799,male,56,electronics,2,50,100
800,2023-02-24,cust800,male,32,clothing,4,300,1200
801,2023-08-10,cust801,male,21,clothing,4,50,200
802,2023-07-05,cust802,female,46,beauty,1,30,30
803,2023-11-22,cust803,male,39,clothing,4,25,100
804,2023-08-24,cust804,male,42,electronics,1,30,30
805,2023-12-29,cust805,female,30,beauty,3,500,1500
806,2023-03-20,cust806,female,35,beauty,3,300,900
807,2023-08-11,cust807,female,50,electronics,4,50,200
808,2023-04-01,cust808,male,33,beauty,4,500,2000
809,2023-09-25,cust809,female,62,beauty,2,50,100
810,2023-11-30,cust810,male,59,electronics,4,25,100
811,2023-05-19,cust811,male,61,beauty,2,25,50
812,2023-11-12,cust812,male,19,electronics,3,25,75
813,2023-10-03,cust813,male,52,electronics,3,50,150
814,2023-09-05,cust814,female,59,clothing,1,500,500
815,2023-08-27,cust815,female,51,clothing,3,25,75
816,2023-08-12,cust816,male,47,beauty,2,500,1000
817,2023-10-31,cust817,male,30,beauty,4,50,200
818,2023-05-18,cust818,male,30,electronics,1,500,500
819,2023-06-15,cust819,female,35,beauty,2,50,100
820,2023-05-06,cust820,male,49,electronics,4,50,200
821,2023-02-14,cust821,male,49,electronics,1,300,300
822,2023-05-23,cust822,female,52,beauty,3,50,150
823,2023-08-19,cust823,female,56,electronics,2,50,100
824,2023-05-05,cust824,male,63,clothing,4,30,120
825,2023-08-26,cust825,female,46,beauty,1,25,25
826,2023-10-19,cust826,female,46,clothing,1,300,300
827,2023-11-09,cust827,male,61,beauty,3,300,900
828,2023-12-09,cust828,female,33,electronics,4,300,1200
829,2023-07-14,cust829,male,61,beauty,3,30,90
830,2023-06-22,cust830,female,64,clothing,3,50,150
831,2023-01-15,cust831,male,27,electronics,4,25,100
832,2023-09-11,cust832,male,47,beauty,4,500,2000
833,2023-06-16,cust833,male,42,beauty,4,50,200
834,2023-04-04,cust834,female,56,beauty,2,30,60
835,2023-09-07,cust835,male,37,clothing,4,50,200
836,2023-04-19,cust836,female,22,clothing,1,50,50
837,2023-07-01,cust837,male,18,beauty,3,30,90
838,2023-05-13,cust838,male,47,electronics,2,300,600
839,2023-06-24,cust839,female,20,electronics,4,300,1200
840,2023-05-24,cust840,male,62,clothing,2,25,50
841,2023-11-02,cust841,male,31,electronics,4,25,100
842,2023-12-26,cust842,female,47,clothing,2,300,600
843,2023-05-22,cust843,male,21,beauty,3,500,1500
844,2023-10-12,cust844,male,35,clothing,3,50,150
845,2023-01-06,cust845,male,54,clothing,1,500,500
846,2023-09-22,cust846,male,42,beauty,1,50,50
847,2023-04-08,cust847,female,18,electronics,4,300,1200
848,2023-02-13,cust848,female,63,clothing,3,25,75
849,2023-05-04,cust849,male,32,clothing,2,25,50
850,2023-07-28,cust850,female,26,beauty,2,500,1000
851,2023-09-08,cust851,male,32,electronics,2,25,50
852,2023-10-12,cust852,female,41,clothing,1,300,300
853,2023-05-04,cust853,male,21,beauty,2,500,1000
854,2023-12-20,cust854,male,29,clothing,1,50,50
855,2023-09-01,cust855,male,54,beauty,1,25,25
856,2023-11-27,cust856,male,54,electronics,4,30,120
857,2023-12-31,cust857,male,60,electronics,2,25,50
858,2023-09-09,cust858,male,23,electronics,2,50,100
859,2023-08-18,cust859,female,56,electronics,3,500,1500
860,2023-01-09,cust860,male,63,clothing,4,50,200
861,2023-02-17,cust861,female,41,clothing,3,30,90
862,2023-05-31,cust862,male,28,electronics,4,300,1200
863,2023-04-24,cust863,female,30,electronics,2,25,50
864,2023-07-27,cust864,female,51,electronics,1,500,500
865,2023-12-21,cust865,female,42,clothing,1,300,300
866,2023-05-05,cust866,male,24,electronics,1,50,50
867,2023-06-06,cust867,male,21,electronics,1,500,500
868,2023-12-06,cust868,female,25,electronics,1,300,300
869,2023-10-25,cust869,male,37,beauty,3,500,1500
870,2023-07-08,cust870,female,46,electronics,4,30,120
871,2023-08-31,cust871,male,62,beauty,2,30,60
872,2023-10-11,cust872,female,63,beauty,3,25,75
873,2023-09-29,cust873,female,27,electronics,4,25,100
874,2023-06-26,cust874,male,60,beauty,1,30,30
875,2023-08-06,cust875,female,51,electronics,4,500,2000
876,2023-10-09,cust876,male,43,clothing,4,30,120
877,2023-06-19,cust877,female,58,clothing,1,25,25
878,2023-06-30,cust878,female,20,clothing,1,30,30
879,2023-12-26,cust879,male,23,clothing,1,30,30
880,2023-08-21,cust880,male,22,beauty,2,500,1000
881,2023-05-19,cust881,male,22,electronics,1,300,300
882,2023-06-06,cust882,female,64,electronics,2,25,50
883,2023-05-09,cust883,male,40,electronics,1,500,500
884,2023-04-29,cust884,female,26,clothing,2,30,60
885,2023-03-03,cust885,female,52,clothing,4,30,120
886,2023-04-09,cust886,male,37,electronics,3,300,900
887,2023-06-11,cust887,male,59,clothing,4,25,100
888,2023-03-03,cust888,female,52,electronics,4,25,100
889,2023-10-02,cust889,female,35,electronics,1,50,50
890,2023-12-20,cust890,male,34,electronics,2,25,50
891,2023-04-05,cust891,male,41,electronics,3,300,900
892,2023-04-09,cust892,male,20,electronics,1,50,50
893,2023-04-21,cust893,male,49,electronics,1,50,50
894,2023-09-05,cust894,male,52,electronics,1,30,30
895,2023-05-22,cust895,female,55,clothing,4,30,120
896,2023-10-29,cust896,female,30,electronics,2,25,50
897,2023-09-26,cust897,female,64,electronics,2,50,100
898,2023-11-02,cust898,female,42,clothing,3,30,90
899,2023-05-25,cust899,male,26,clothing,2,300,600
900,2023-02-21,cust900,male,21,clothing,2,30,60
901,2023-04-10,cust901,male,31,electronics,1,30,30
902,2023-06-01,cust902,female,54,beauty,1,50,50
903,2023-04-27,cust903,female,51,beauty,4,50,200
904,2023-07-04,cust904,male,28,clothing,1,500,500
905,2023-04-02,cust905,male,58,beauty,1,300,300
906,2023-06-04,cust906,female,20,clothing,1,50,50
907,2023-01-08,cust907,female,45,electronics,1,25,25
908,2023-12-29,cust908,male,46,beauty,4,300,1200
909,2023-10-01,cust909,male,26,electronics,1,300,300
910,2023-03-06,cust910,female,20,beauty,3,50,150
911,2023-05-21,cust911,male,42,electronics,3,300,900
912,2023-01-24,cust912,male,51,beauty,3,50,150
913,2023-01-28,cust913,male,29,electronics,3,30,90
914,2023-10-11,cust914,female,59,electronics,1,500,500
915,2023-05-30,cust915,female,26,beauty,3,30,90
916,2023-12-24,cust916,female,32,electronics,1,50,50
917,2023-03-06,cust917,female,57,electronics,4,50,200
918,2023-11-23,cust918,female,42,electronics,3,30,90
919,2023-09-09,cust919,female,22,beauty,2,25,50
920,2023-02-22,cust920,female,28,beauty,3,25,75
921,2023-01-07,cust921,male,51,electronics,3,25,75
922,2023-10-21,cust922,male,41,electronics,1,50,50
923,2023-05-26,cust923,male,32,beauty,3,300,900
924,2023-08-29,cust924,male,55,beauty,2,50,100
925,2023-09-03,cust925,male,25,electronics,1,300,300
926,2023-08-14,cust926,male,22,electronics,1,30,30
927,2023-06-24,cust927,male,43,electronics,4,500,2000
928,2023-04-05,cust928,female,35,clothing,4,300,1200
929,2023-01-27,cust929,female,23,beauty,3,25,75
930,2023-05-10,cust930,male,54,clothing,4,50,200
931,2023-09-02,cust931,male,30,beauty,4,30,120
932,2023-02-28,cust932,female,45,beauty,4,25,100
933,2023-02-03,cust933,male,22,beauty,1,30,30
934,2023-07-25,cust934,male,30,beauty,1,500,500
935,2023-09-09,cust935,female,34,beauty,1,50,50
936,2023-02-07,cust936,male,57,beauty,4,50,200
937,2023-10-23,cust937,female,62,beauty,1,500,500
938,2023-11-19,cust938,male,49,clothing,4,50,200
939,2023-12-18,cust939,female,46,electronics,1,300,300
940,2023-01-28,cust940,female,20,electronics,1,30,30
941,2023-03-19,cust941,female,57,clothing,2,25,50
942,2023-03-18,cust942,male,51,clothing,3,500,1500
943,2023-10-16,cust943,female,57,clothing,4,300,1200
944,2023-06-05,cust944,male,44,clothing,2,25,50
945,2023-02-13,cust945,male,30,beauty,1,25,25
946,2023-05-08,cust946,male,62,electronics,4,500,2000
947,2023-03-02,cust947,male,50,beauty,1,300,300
948,2023-10-13,cust948,female,23,electronics,3,25,75
949,2023-08-02,cust949,female,41,electronics,2,25,50
950,2023-11-07,cust950,male,36,clothing,3,300,900
951,2023-11-02,cust951,male,33,beauty,2,50,100
952,2023-11-13,cust952,female,57,clothing,1,25,25
953,2023-04-26,cust953,male,45,beauty,3,30,90
954,2023-09-25,cust954,female,50,electronics,3,300,900
955,2023-07-14,cust955,male,58,clothing,1,25,25
956,2023-08-19,cust956,male,30,clothing,3,500,1500
957,2023-08-15,cust957,female,60,electronics,4,30,120
958,2023-06-02,cust958,male,62,electronics,2,25,50
959,2023-10-29,cust959,female,42,electronics,2,30,60
960,2023-08-08,cust960,male,59,clothing,2,30,60
961,2023-06-06,cust961,male,53,beauty,4,50,200
962,2023-10-19,cust962,male,44,clothing,2,30,60
963,2023-11-14,cust963,female,55,beauty,1,50,50
964,2023-01-31,cust964,male,24,clothing,3,300,900
965,2023-11-09,cust965,male,22,clothing,4,50,200
966,2023-02-20,cust966,male,60,electronics,2,500,1000
967,2023-04-17,cust967,male,62,beauty,1,25,25
968,2023-11-17,cust968,female,48,clothing,3,300,900
969,2023-04-19,cust969,female,40,clothing,3,300,900
970,2023-05-16,cust970,male,59,electronics,4,500,2000
971,2023-12-05,cust971,female,27,electronics,4,50,200
972,2023-02-11,cust972,male,49,beauty,4,25,100
973,2023-03-22,cust973,male,60,clothing,1,50,50
974,2023-05-03,cust974,male,47,beauty,1,30,30
975,2023-03-30,cust975,female,56,clothing,4,50,200
976,2023-10-10,cust976,female,48,beauty,2,300,600
977,2023-02-08,cust977,female,35,electronics,3,25,75
978,2023-03-22,cust978,female,53,clothing,3,50,150
979,2023-01-02,cust979,female,19,beauty,1,25,25
980,2023-07-29,cust980,female,31,electronics,3,25,75
981,2023-08-19,cust981,female,30,electronics,2,30,60
982,2023-12-19,cust982,female,46,beauty,3,30,90
983,2023-11-01,cust983,female,29,clothing,1,300,300
984,2023-08-29,cust984,male,56,clothing,1,500,500
985,2023-05-30,cust985,female,19,electronics,2,25,50
986,2023-01-17,cust986,female,49,clothing,2,500,1000
987,2023-04-29,cust987,female,30,clothing,3,300,900
988,2023-05-28,cust988,female,63,clothing,3,25,75
989,2023-12-28,cust989,female,44,electronics,1,25,25
990,2023-05-25,cust990,female,58,beauty,2,500,1000
991,2023-12-26,cust991,female,34,clothing,2,50,100
992,2023-08-21,cust992,female,57,electronics,2,30,60
993,2023-02-06,cust993,female,48,electronics,3,50,150
994,2023-12-18,cust994,female,51,beauty,2,500,1000
995,2023-04-30,cust995,female,41,clothing,1,30,30
996,2023-05-16,cust996,male,62,clothing,1,50,50
997,2023-11-17,cust997,male,52,beauty,3,30,90
998,2023-10-29,cust998,female,23,beauty,4,25,100
999,2023-12-05,cust999,female,36,electronics,3,50,150
1000,2023-04-12,cust1000,male,47,electronics,4,30,120
